Shop,AFFECTED_COMPONENT,FAILURE_NAME,CURRENT_UTILITY,OPTIMAL_UTILITY,CRITICALITY,CONNECTIVITY,RELIABILITY,IMPORTANCE,PROVIDED_INTERFACE,REQUIRED_INTERFACE,ADT, PMax,alpha,In Use REPLICA,LOAD,COSTS,RULE,Column1,Column2
mRUBiS #1,Item Management Service,CF1,0,18480.55531,25,4,0.5,22,0,4,1.07715525,13.44823772,126.9011752,12,373,1.69,HwRedeployComponent,,
mRUBiS #1,Region Item Filter,CF5,0,4894.866505,24,2,0.5,22,1,1,1.175641639,5.323259165,154.1970896,7,4586,0.5,AddReplica,,
mRUBiS #1,Inventory Service,CF2,0,9762.030924,11,3,0.5,22,1,2,1.203441787,13.46289992,85.65241198,18,377,1.64,LwRedeployComponent,,
mRUBiS #1,Bid and Buy Service,CF3,1.82E-12,14350.52959,27,5,0.5,22,0,5,1.35613418,8.060657087,73.9594634,14,241,1.72,HwRedeployComponent,,
mRUBiS #1,Query Service,CF2,0,51254.05905,27,15,0.5,22,14,1,1.101619202,6.164631462,85.67035109,24,500,2.02,HwRedeployComponent,,
mRUBiS #1,Recommendation Item Filter,CF1,0,7650.426911,30,2,0.5,22,1,1,1.197651763,5.804851083,144.2496651,5,176,1.63,HwRedeployComponent,,
mRUBiS #1,Reputation Service,CF2,1.82E-12,16307.95995,23,4,0.5,22,0,4,1.296816708,12.90191946,123.4888734,12,352,1.69,HwRedeployComponent,,
mRUBiS #1,Comment Item Filter,CF3,0,5857.212112,23,2,0.5,22,1,1,1.055558678,5.798189426,73.83963857,6,95,1.63,HwRedeployComponent,,
mRUBiS #1,Category Item Filter,CF2,0,8541.00073,20,3,0.5,22,2,1,1.006633364,9.717121663,137.9606875,10,338,1.64,LwRedeployComponent,,
mRUBiS #1,Inventory Service,CF3,0,9762.030924,11,4,0.5,22,2,2,1.203441787,13.46289992,85.65241198,18,377,1.69,HwRedeployComponent,,
mRUBiS #1,Last Second Sales Item Filter,CF5,0,2322.939837,12,3,0.5,22,2,1,1.16044159,5.88617676,77.14137944,8,4586,0.5,AddReplica,,
mRUBiS #1,Reputation Service,CF1,1.82E-12,16307.95995,23,4,0.5,22,0,4,1.296816708,12.90191946,123.4888734,0,0,1.53,LwRedeployComponent,,
mRUBiS #1,Buy Now Item Filter,CF2,0,7311.74812,13,2,0.5,22,1,1,1.009460361,12.80042434,79.38079925,12,234,1.63,HwRedeployComponent,,
mRUBiS #1,User Management Service,CF3,3.64E-12,21275.46592,30,4,0.5,22,0,4,1.460128436,12.90307103,167.7922013,11,434,1.69,HwRedeployComponent,,
mRUBiS #1,Inventory Service,CF2,0,9762.030924,11,4,0.5,22,2,2,1.203441787,13.46289992,85.65241198,0,0,1.69,HwRedeployComponent,,
mRUBiS #1,Inventory Service,CF2,0,9762.030924,11,4,0.5,22,2,2,1.203441787,13.46289992,85.65241198,0,0,0.35,RestartComponent,,
mRUBiS #1,User Management Service,CF3,3.64E-12,21275.46592,30,4,0.5,22,0,4,1.460128436,12.90307103,167.7922013,0,0,1.69,HwRedeployComponent,,
mRUBiS #1,Category Item Filter,CF5,0,7275.634709,20,3,0.5,22,2,1,1.006633364,9.717121663,137.9606875,10,4586,0.5,AddReplica,,
mRUBiS #1,Seller Reputation Item Filter,CF2,0,14894.54652,30,2,0.5,22,1,1,1.488639397,11.29502493,99.09821681,6,133,1.64,LwRedeployComponent,,
mRUBiS #1,Last Second Sales Item Filter,CF3,0,2322.939837,12,3,0.5,22,2,1,1.16044159,5.88617676,77.14137944,58,4586,1.66,HwRedeployComponent,,
mRUBiS #1,Past Sales Item Filter,CF3,0,11579.68617,16,3,0.5,22,2,1,1.267239584,16.46641841,88.50170648,4,73,1.66,HwRedeployComponent,,
mRUBiS #1,Region Item Filter,CF5,0,4938.575604,24,2,0.5,22,1,1,1.175641639,5.323259165,154.1970896,40,4586,0.5,AddReplica,,
mRUBiS #1,Bid and Buy Service,CF3,1.82E-12,14350.52959,27,5,0.5,22,0,5,1.35613418,8.060657087,73.9594634,0,0,1.72,HwRedeployComponent,,
mRUBiS #1,Reputation Service,CF5,0,13650.8809,23,4,0.5,22,0,4,1.296816708,12.90191946,123.4888734,0,4586,0.5,AddReplica,,
mRUBiS #1,Authentication Service,CF3,0,168639.5169,30,11,0.85,22,10,1,1.211251277,15.03133952,79.54210605,12,229,1.9,HwRedeployComponent,,
mRUBiS #1,Reputation Service,CF5,1.82E-12,13779.40063,23,4,0.5,22,0,4,1.296816708,12.90191946,123.4888734,45,4586,0.5,AddReplica,,
mRUBiS #1,Past Sales Item Filter,CF5,0,9014.503928,16,3,0.5,22,2,1,1.267239584,16.46641841,88.50170648,0,4586,0.5,AddReplica,,
mRUBiS #1,Reputation Service,CF3,-1.82E-12,13779.40063,23,4,0.5,22,0,4,1.296816708,12.90191946,123.4888734,46,4586,1.69,HwRedeployComponent,,
mRUBiS #1,Last Second Sales Item Filter,CF2,0,2322.939837,12,3,0.5,22,2,1,1.16044159,5.88617676,77.14137944,0,0,1.66,HwRedeployComponent,,
mRUBiS #1,Region Item Filter,CF3,0,4938.575604,24,2,0.5,22,1,1,1.175641639,5.323259165,154.1970896,41,4586,1.63,HwRedeployComponent,,
mRUBiS #1,Buy Now Item Filter,CF3,0,7311.74812,13,3,0.5,22,2,1,1.009460361,12.80042434,79.38079925,0,0,1.66,HwRedeployComponent,,
mRUBiS #1,Past Sales Item Filter,CF3,0,13528.09209,16,4,0.5,22,3,1,1.267239584,16.46641841,88.50170648,54,4586,1.69,HwRedeployComponent,,
mRUBiS #1,Inventory Service,CF1,-1.82E-12,14649.0636,11,5,0.5,22,3,2,1.203441787,13.46289992,85.65241198,0,0,1.53,LwRedeployComponent,,
mRUBiS #1,Region Item Filter,CF3,0,4938.575604,24,2,0.5,22,1,1,1.175641639,5.323259165,154.1970896,0,0,1.63,HwRedeployComponent,,
mRUBiS #1,Item Management Service,CF3,0,18480.55531,25,4,0.5,22,0,4,1.07715525,13.44823772,126.9011752,0,0,1.69,HwRedeployComponent,,
mRUBiS #1,Buy Now Item Filter,CF1,0,10972.66948,13,4,0.5,22,3,1,1.009460361,12.80042434,79.38079925,0,0,0.35,RestartComponent,,
mRUBiS #1,Item Management Service,CF3,0,18480.55531,25,4,0.5,22,0,4,1.07715525,13.44823772,126.9011752,0,0,1.69,HwRedeployComponent,,
mRUBiS #1,Past Sales Item Filter,CF5,0,13528.09209,16,4,0.5,22,3,1,1.267239584,16.46641841,88.50170648,0,4586,0.5,AddReplica,,
mRUBiS #1,Region Item Filter,CF1,0,4938.575604,24,2,0.5,22,1,1,1.175641639,5.323259165,154.1970896,0,0,0.35,RestartComponent,,
mRUBiS #1,Seller Reputation Item Filter,CF3,0,22349.26298,30,4,0.5,22,3,1,1.488639397,11.29502493,99.09821681,6,133,1.69,HwRedeployComponent,,
mRUBiS #1,Persistence Service,CF5,0,50138.17194,21,16,0.5,22,16,0,1.329730953,16.94782753,97.04633435,14,4586,0.5,AddReplica,,
mRUBiS #1,Bid and Buy Service,CF3,1.82E-12,14350.52959,27,5,0.5,22,0,5,1.35613418,8.060657087,73.9594634,0,0,1.72,HwRedeployComponent,,
mRUBiS #1,Comment Item Filter,CF2,0,5857.212112,23,3,0.5,22,2,1,1.055558678,5.798189426,73.83963857,0,0,1.64,LwRedeployComponent,,
mRUBiS #1,Inventory Service,CF1,0,19536.09627,11,6,0.5,22,4,2,1.203441787,13.46289992,85.65241198,0,0,1.75,HwRedeployComponent,,
mRUBiS #1,Category Item Filter,CF3,0,7275.634709,20,3,0.5,22,2,1,1.006633364,9.717121663,137.9606875,42,4586,1.66,HwRedeployComponent,,
mRUBiS #1,Buy Now Item Filter,CF5,0,8292.035756,13,4,0.5,22,3,1,1.009460361,12.80042434,79.38079925,0,4586,0.5,AddReplica,,
mRUBiS #1,User Management Service,CF3,3.64E-12,21275.46592,30,4,0.5,22,0,4,1.460128436,12.90307103,167.7922013,0,0,1.69,HwRedeployComponent,,
mRUBiS #1,Authentication Service,CF1,-2.91E-11,267846.3578,30,16,0.9,22,15,1,1.211251277,15.03133952,79.54210605,0,0,2.05,ReplaceComponent,,
mRUBiS #1,Persistence Service,CF2,-7.28E-12,59541.57243,21,19,0.5,22,19,0,1.329730953,16.94782753,97.04633435,52,4586,2.14,HwRedeployComponent,,
mRUBiS #1,Query Service,CF3,0,135475.2541,27,38,0.5,22,37,1,1.101619202,6.164631462,85.67035109,0,0,2.71,HwRedeployComponent,,
mRUBiS #1,Item Management Service,CF2,0,18480.55531,25,4,0.5,22,0,4,1.07715525,13.44823772,126.9011752,0,0,1.64,LwRedeployComponent,,
mRUBiS #1,Availability Item Filter,CF3,1.82E-12,9054.950596,23,4,0.5,22,3,1,1.110298158,5.972367311,77.34298858,15,285,1.69,HwRedeployComponent,,
mRUBiS #1,Google Authentication Service,CF2,0,196417.4324,22,16,0.9,22,15,1,1.211251277,11.91320797,105.9324131,0,0,0.35,RestartComponent,,
mRUBiS #1,Inventory Service,CF2,0,19536.09627,11,6,0.5,22,4,2,1.203441787,13.46289992,85.65241198,0,0,1.75,HwRedeployComponent,,
mRUBiS #1,Reputation Service,CF3,-1.82E-12,13779.40063,23,4,0.5,22,0,4,1.296816708,12.90191946,123.4888734,0,0,1.69,HwRedeployComponent,,
mRUBiS #1,Reputation Service,CF2,-1.82E-12,13779.40063,23,4,0.5,22,0,4,1.296816708,12.90191946,123.4888734,0,0,0.35,RestartComponent,,
mRUBiS #1,Persistence Service,CF3,-1.46E-11,65810.50608,21,21,0.5,22,21,0,1.329730953,16.94782753,97.04633435,0,0,2.2,HwRedeployComponent,,
mRUBiS #1,Bid and Buy Service,CF3,1.82E-12,14350.52959,27,5,0.5,22,0,5,1.35613418,8.060657087,73.9594634,0,0,1.72,HwRedeployComponent,,
mRUBiS #1,Query Service,CF2,-2.91E-11,153784.2095,27,43,0.5,22,42,1,1.101619202,6.164631462,85.67035109,0,0,2.86,HwRedeployComponent,,
mRUBiS #1,Comment Item Filter,CF3,0,5857.212112,23,3,0.5,22,2,1,1.055558678,5.798189426,73.83963857,0,0,1.66,HwRedeployComponent,,
mRUBiS #1,Buy Now Item Filter,CF1,0,8292.035756,13,4,0.5,22,3,1,1.009460361,12.80042434,79.38079925,57,4586,0.35,RestartComponent,,
mRUBiS #1,Comment Item Filter,CF5,0,4330.226055,23,3,0.5,22,2,1,1.055558678,5.798189426,73.83963857,0,4586,0.5,AddReplica,,
mRUBiS #1,Recommendation Item Filter,CF1,0,7650.426911,30,3,0.5,22,2,1,1.197651763,5.804851083,144.2496651,0,0,1.66,HwRedeployComponent,,
mRUBiS #1,Past Sales Item Filter,CF2,0,13528.09209,16,4,0.5,22,3,1,1.267239584,16.46641841,88.50170648,54,4586,0.35,RestartComponent,,
mRUBiS #1,Item Management Service,CF3,0,18480.55531,25,4,0.5,22,0,4,1.07715525,13.44823772,126.9011752,0,0,1.69,HwRedeployComponent,,
mRUBiS #1,User Management Service,CF2,3.64E-12,21275.46592,30,4,0.5,22,0,4,1.460128436,12.90307103,167.7922013,0,0,1.69,HwRedeployComponent,,
mRUBiS #1,Past Sales Item Filter,CF5,0,13658.19981,16,4,0.5,22,3,1,1.267239584,16.46641841,88.50170648,54,4586,0.5,AddReplica,,
mRUBiS #1,Availability Item Filter,CF2,1.82E-12,9054.950596,23,4,0.5,22,3,1,1.110298158,5.972367311,77.34298858,0,0,1.64,LwRedeployComponent,,
mRUBiS #1,Category Item Filter,CF3,1.82E-12,10918.48523,20,4,0.5,22,3,1,1.006633364,9.717121663,137.9606875,0,0,1.69,HwRedeployComponent,,
mRUBiS #1,Buy Now Item Filter,CF3,0,8292.035756,13,4,0.5,22,3,1,1.009460361,12.80042434,79.38079925,57,4586,1.69,HwRedeployComponent,,
mRUBiS #1,Bid and Buy Service,CF5,0,10622.53476,27,5,0.5,22,0,5,1.35613418,8.060657087,73.9594634,0,4586,0.5,AddReplica,,
mRUBiS #1,Region Item Filter,CF1,0,4938.575604,24,3,0.5,22,2,1,1.175641639,5.323259165,154.1970896,0,0,1.53,LwRedeployComponent,,
mRUBiS #1,Region Item Filter,CF1,0,4938.575604,24,3,0.5,22,2,1,1.175641639,5.323259165,154.1970896,0,0,1.53,LwRedeployComponent,,
mRUBiS #1,Buy Now Item Filter,CF1,0,8292.035756,13,4,0.5,22,3,1,1.009460361,12.80042434,79.38079925,0,0,0.35,RestartComponent,,
mRUBiS #1,Buy Now Item Filter,CF2,0,8292.035756,13,4,0.5,22,3,1,1.009460361,12.80042434,79.38079925,0,0,1.69,HwRedeployComponent,,
mRUBiS #1,Comment Item Filter,CF3,9.09E-13,4330.226055,23,3,0.5,22,2,1,1.055558678,5.798189426,73.83963857,59,4586,1.66,HwRedeployComponent,,
mRUBiS #1,Seller Reputation Item Filter,CF5,0,17904.04797,30,4,0.5,22,3,1,1.488639397,11.29502493,99.09821681,0,4586,0.5,AddReplica,,
mRUBiS #1,Recommendation Item Filter,CF3,0,11481.62863,30,4,0.5,22,3,1,1.197651763,5.804851083,144.2496651,0,0,1.69,HwRedeployComponent,,
mRUBiS #1,Query Service,CF3,0,168431.3739,27,47,0.5,22,46,1,1.101619202,6.164631462,85.67035109,0,0,2.98,HwRedeployComponent,,
mRUBiS #1,Past Sales Item Filter,CF3,0,13658.19981,16,4,0.5,22,3,1,1.267239584,16.46641841,88.50170648,55,4586,1.69,HwRedeployComponent,,
mRUBiS #1,Google Authentication Service,CF2,2.91E-11,248798.6444,22,20,0.9,22,19,1,1.211251277,11.91320797,105.9324131,0,0,0.35,RestartComponent,,
mRUBiS #1,Availability Item Filter,CF1,1.82E-12,15098.98631,23,6,0.5,22,5,1,1.110298158,5.972367311,77.34298858,0,0,0.35,RestartComponent,,
mRUBiS #1,Google Authentication Service,CF1,2.91E-11,248798.6444,22,20,0.9,22,19,1,1.211251277,11.91320797,105.9324131,0,0,0.35,RestartComponent,,
mRUBiS #1,Buy Now Item Filter,CF2,0,11059.41254,13,5,0.5,22,4,1,1.009460361,12.80042434,79.38079925,0,0,1.64,LwRedeployComponent,,
mRUBiS #1,Bid and Buy Service,CF1,0,10622.53476,27,5,0.5,22,0,5,1.35613418,8.060657087,73.9594634,59,4586,1.72,HwRedeployComponent,,
mRUBiS #1,Query Service,CF1,-2.91E-11,175754.9561,27,49,0.5,22,48,1,1.101619202,6.164631462,85.67035109,0,0,3.04,HwRedeployComponent,,
mRUBiS #1,Region Item Filter,CF2,0,4938.575604,24,3,0.5,22,2,1,1.175641639,5.323259165,154.1970896,0,0,1.64,LwRedeployComponent,,
mRUBiS #1,Item Management Service,CF3,0,18480.55531,25,4,0.5,22,0,4,1.07715525,13.44823772,126.9011752,0,0,1.69,HwRedeployComponent,,
mRUBiS #1,Comment Item Filter,CF5,0,4330.226055,23,3,0.5,22,2,1,1.055558678,5.798189426,73.83963857,0,4586,0.5,AddReplica,,
mRUBiS #1,Region Item Filter,CF3,0,4938.575604,24,3,0.5,22,2,1,1.175641639,5.323259165,154.1970896,0,0,1.66,HwRedeployComponent,,
mRUBiS #1,Buy Now Item Filter,CF1,0,11059.41254,13,5,0.5,22,4,1,1.009460361,12.80042434,79.38079925,0,0,1.72,HwRedeployComponent,,
mRUBiS #1,Recommendation Item Filter,CF3,0,11481.62863,30,4,0.5,22,3,1,1.197651763,5.804851083,144.2496651,0,0,1.69,HwRedeployComponent,,
mRUBiS #1,Comment Item Filter,CF5,0,4372.493138,23,3,0.5,22,2,1,1.055558678,5.798189426,73.83963857,59,4586,0.5,AddReplica,,
mRUBiS #1,Recommendation Item Filter,CF5,0,9861.366017,30,4,0.5,22,3,1,1.197651763,5.804851083,144.2496651,0,4586,0.5,AddReplica,,
mRUBiS #1,Region Item Filter,CF3,0,4938.575604,24,3,0.5,22,2,1,1.175641639,5.323259165,154.1970896,0,0,1.66,HwRedeployComponent,,
mRUBiS #1,User Management Service,CF5,0,18789.76288,30,4,0.5,22,0,4,1.460128436,12.90307103,167.7922013,0,4586,0.5,AddReplica,,
mRUBiS #1,Comment Item Filter,CF3,9.09E-13,4372.493138,23,3,0.5,22,2,1,1.055558678,5.798189426,73.83963857,60,4586,1.66,HwRedeployComponent,,
mRUBiS #1,Last Second Sales Item Filter,CF3,9.09E-13,6992.028342,12,7,0.5,22,6,1,1.16044159,5.88617676,77.14137944,0,0,1.78,HwRedeployComponent,,
mRUBiS #1,Comment Item Filter,CF3,9.09E-13,4372.493138,23,3,0.5,22,2,1,1.055558678,5.798189426,73.83963857,0,0,1.66,HwRedeployComponent,,
mRUBiS #1,Google Authentication Service,CF3,-5.82E-11,274989.2503,22,22,0.9,22,21,1,1.211251277,11.91320797,105.9324131,0,0,2.23,HwRedeployComponent,,
mRUBiS #1,Last Second Sales Item Filter,CF1,9.09E-13,6992.028342,12,7,0.5,22,6,1,1.16044159,5.88617676,77.14137944,0,0,1.78,HwRedeployComponent,,
mRUBiS #1,Inventory Service,CF3,-3.64E-12,29310.16161,11,8,0.5,22,6,2,1.203441787,13.46289992,85.65241198,0,0,1.81,HwRedeployComponent,,
mRUBiS #1,Bid and Buy Service,CF1,0,10622.53476,27,5,0.5,22,0,5,1.35613418,8.060657087,73.9594634,0,0,1.72,HwRedeployComponent,,
mRUBiS #1,Seller Reputation Item Filter,CF5,-7.28E-12,30133.41884,30,6,0.5,22,5,1,1.488639397,11.29502493,99.09821681,51,4586,0.5,AddReplica,,
mRUBiS #1,Availability Item Filter,CF1,3.64E-12,18121.00417,23,7,0.5,22,6,1,1.110298158,5.972367311,77.34298858,0,0,1.78,HwRedeployComponent,,
mRUBiS #1,Region Item Filter,CF5,0,7348.177966,24,4,0.5,22,3,1,1.175641639,5.323259165,154.1970896,0,4586,0.5,AddReplica,,
mRUBiS #1,Buy Now Item Filter,CF5,0,11059.41254,13,5,0.5,22,4,1,1.009460361,12.80042434,79.38079925,0,4586,0.5,AddReplica,,
mRUBiS #1,Seller Reputation Item Filter,CF5,0,30407.09807,30,6,0.5,22,5,1,1.488639397,11.29502493,99.09821681,52,4586,0.5,AddReplica,,
mRUBiS #1,User Management Service,CF2,0,18789.76288,30,4,0.5,22,0,4,1.460128436,12.90307103,167.7922013,38,4586,0.35,RestartComponent,,
mRUBiS #1,Reputation Service,CF3,-1.82E-12,13779.40063,23,4,0.5,22,0,4,1.296816708,12.90191946,123.4888734,0,0,1.69,HwRedeployComponent,,
mRUBiS #1,Seller Reputation Item Filter,CF3,0,30407.09807,30,6,0.5,22,5,1,1.488639397,11.29502493,99.09821681,53,4586,1.75,HwRedeployComponent,,
mRUBiS #1,Bid and Buy Service,CF1,0,10622.53476,27,5,0.5,22,0,5,1.35613418,8.060657087,73.9594634,0,0,1.53,LwRedeployComponent,,
mRUBiS #1,Persistence Service,CF5,0,90886.24071,21,29,0.5,22,29,0,1.329730953,16.94782753,97.04633435,0,4586,0.5,AddReplica,,
mRUBiS #1,Query Service,CF5,0,158476.4327,27,57,0.5,22,56,1,1.101619202,6.164631462,85.67035109,0,4586,0.5,AddReplica,,
mRUBiS #1,Google Authentication Service,CF3,-5.82E-11,301179.8563,22,24,0.9,22,23,1,1.211251277,11.91320797,105.9324131,0,0,2.29,HwRedeployComponent,,
mRUBiS #1,Bid and Buy Service,CF5,0,10622.53476,27,5,0.5,22,0,5,1.35613418,8.060657087,73.9594634,0,4586,0.5,AddReplica,,
mRUBiS #1,Recommendation Item Filter,CF3,0,9861.366017,30,4,0.5,22,3,1,1.197651763,5.804851083,144.2496651,41,4586,1.69,HwRedeployComponent,,
mRUBiS #1,Category Item Filter,CF1,3.64E-12,21847.0368,20,7,0.5,22,6,1,1.006633364,9.717121663,137.9606875,0,0,1.53,LwRedeployComponent,,
mRUBiS #1,Availability Item Filter,CF1,3.64E-12,18121.00417,23,7,0.5,22,6,1,1.110298158,5.972367311,77.34298858,0,0,1.78,HwRedeployComponent,,
mRUBiS #1,User Management Service,CF3,0,18789.76288,30,4,0.5,22,0,4,1.460128436,12.90307103,167.7922013,38,4586,1.69,HwRedeployComponent,,
mRUBiS #1,Seller Reputation Item Filter,CF3,0,30407.09807,30,6,0.5,22,5,1,1.488639397,11.29502493,99.09821681,0,0,1.75,HwRedeployComponent,,
mRUBiS #1,User Management Service,CF3,0,18789.76288,30,4,0.5,22,0,4,1.460128436,12.90307103,167.7922013,0,0,1.69,HwRedeployComponent,,
mRUBiS #1,Buy Now Item Filter,CF3,0,11059.41254,13,5,0.5,22,4,1,1.009460361,12.80042434,79.38079925,57,4586,1.72,HwRedeployComponent,,
mRUBiS #1,Seller Reputation Item Filter,CF1,0,30407.09807,30,6,0.5,22,5,1,1.488639397,11.29502493,99.09821681,0,0,1.53,LwRedeployComponent,,
mRUBiS #1,User Management Service,CF2,0,18789.76288,30,4,0.5,22,0,4,1.460128436,12.90307103,167.7922013,0,0,1.69,HwRedeployComponent,,
mRUBiS #1,Reputation Service,CF2,-1.82E-12,13779.40063,23,4,0.5,22,0,4,1.296816708,12.90191946,123.4888734,0,0,1.69,HwRedeployComponent,,
mRUBiS #1,Persistence Service,CF3,0,103424.108,21,33,0.5,22,33,0,1.329730953,16.94782753,97.04633435,52,4586,2.56,HwRedeployComponent,,
mRUBiS #1,User Management Service,CF1,0,18789.76288,30,4,0.5,22,0,4,1.460128436,12.90307103,167.7922013,0,0,0.35,RestartComponent,,
mRUBiS #1,Inventory Service,CF3,0,34197.19428,11,9,0.5,22,7,2,1.203441787,13.46289992,85.65241198,0,0,1.84,HwRedeployComponent,,
mRUBiS #1,Past Sales Item Filter,CF3,3.64E-12,22772.11461,16,6,0.5,22,5,1,1.267239584,16.46641841,88.50170648,0,0,1.75,HwRedeployComponent,,
mRUBiS #1,Last Second Sales Item Filter,CF2,9.09E-13,6992.028342,12,7,0.5,22,6,1,1.16044159,5.88617676,77.14137944,0,0,1.78,HwRedeployComponent,,
mRUBiS #1,Reputation Service,CF5,0,13650.8809,23,4,0.5,22,0,4,1.296816708,12.90191946,123.4888734,0,4586,0.5,AddReplica,,
mRUBiS #1,Category Item Filter,CF2,3.64E-12,21847.0368,20,7,0.5,22,6,1,1.006633364,9.717121663,137.9606875,0,0,1.78,HwRedeployComponent,,
mRUBiS #1,Seller Reputation Item Filter,CF3,0,30407.09807,30,6,0.5,22,5,1,1.488639397,11.29502493,99.09821681,0,0,1.75,HwRedeployComponent,,
mRUBiS #1,Category Item Filter,CF2,3.64E-12,21847.0368,20,7,0.5,22,6,1,1.006633364,9.717121663,137.9606875,0,0,0.35,RestartComponent,,
mRUBiS #1,Availability Item Filter,CF5,0,15902.57753,23,8,0.5,22,7,1,1.110298158,5.972367311,77.34298858,0,4586,0.5,AddReplica,,
mRUBiS #1,Region Item Filter,CF3,0,9801.489426,24,5,0.5,22,4,1,1.175641639,5.323259165,154.1970896,40,4586,1.72,HwRedeployComponent,,
mRUBiS #1,Inventory Service,CF3,0,34197.19428,11,9,0.5,22,7,2,1.203441787,13.46289992,85.65241198,0,0,1.84,HwRedeployComponent,,
mRUBiS #1,Recommendation Item Filter,CF1,0,13152.4802,30,5,0.5,22,4,1,1.197651763,5.804851083,144.2496651,0,0,1.53,LwRedeployComponent,,
mRUBiS #1,Item Management Service,CF3,0,18480.55531,25,4,0.5,22,0,4,1.07715525,13.44823772,126.9011752,0,0,1.69,HwRedeployComponent,,
mRUBiS #1,Query Service,CF5,2.91E-11,197141.4084,27,70,0.5,22,69,1,1.101619202,6.164631462,85.67035109,55,4586,0.5,AddReplica,,
mRUBiS #1,User Management Service,CF2,0,18789.76288,30,4,0.5,22,0,4,1.460128436,12.90307103,167.7922013,0,0,1.64,LwRedeployComponent,,
mRUBiS #1,User Management Service,CF3,0,18789.76288,30,4,0.5,22,0,4,1.460128436,12.90307103,167.7922013,0,0,1.69,HwRedeployComponent,,
mRUBiS #1,Bid and Buy Service,CF1,0,10622.53476,27,5,0.5,22,0,5,1.35613418,8.060657087,73.9594634,59,4586,1.53,LwRedeployComponent,,
mRUBiS #1,Recommendation Item Filter,CF3,0,13152.4802,30,5,0.5,22,4,1,1.197651763,5.804851083,144.2496651,0,0,1.72,HwRedeployComponent,,
mRUBiS #1,Bid and Buy Service,CF5,0,10725.93164,27,5,0.5,22,0,5,1.35613418,8.060657087,73.9594634,59,4586,0.5,AddReplica,,
mRUBiS #1,Past Sales Item Filter,CF3,0,27329.07201,16,7,0.5,22,6,1,1.267239584,16.46641841,88.50170648,0,0,1.78,HwRedeployComponent,,
mRUBiS #1,Availability Item Filter,CF1,0,15902.57753,23,8,0.5,22,7,1,1.110298158,5.972367311,77.34298858,58,4586,0.35,RestartComponent,,
mRUBiS #1,Category Item Filter,CF3,3.64E-12,21847.0368,20,7,0.5,22,6,1,1.006633364,9.717121663,137.9606875,0,0,1.78,HwRedeployComponent,,
mRUBiS #1,Comment Item Filter,CF3,1.82E-12,10947.06623,23,6,0.5,22,5,1,1.055558678,5.798189426,73.83963857,0,0,1.75,HwRedeployComponent,,
mRUBiS #1,Past Sales Item Filter,CF1,0,27329.07201,16,7,0.5,22,6,1,1.267239584,16.46641841,88.50170648,0,0,0.35,RestartComponent,,
mRUBiS #1,Reputation Service,CF3,1.82E-12,13650.8809,23,4,0.5,22,0,4,1.296816708,12.90191946,123.4888734,45,4586,1.69,HwRedeployComponent,,
mRUBiS #1,Comment Item Filter,CF3,1.82E-12,10947.06623,23,6,0.5,22,5,1,1.055558678,5.798189426,73.83963857,0,0,1.75,HwRedeployComponent,,
mRUBiS #1,Past Sales Item Filter,CF5,0,27068.85658,16,7,0.5,22,6,1,1.267239584,16.46641841,88.50170648,0,4586,0.5,AddReplica,,
mRUBiS #1,Reputation Service,CF2,1.82E-12,13650.8809,23,4,0.5,22,0,4,1.296816708,12.90191946,123.4888734,0,0,1.64,LwRedeployComponent,,
mRUBiS #1,Query Service,CF3,2.91E-11,208570.5344,27,74,0.5,22,73,1,1.101619202,6.164631462,85.67035109,56,4586,3.79,HwRedeployComponent,,
mRUBiS #1,Region Item Filter,CF5,0,9801.489426,24,5,0.5,22,4,1,1.175641639,5.323259165,154.1970896,0,4586,0.5,AddReplica,,
mRUBiS #1,Category Item Filter,CF2,0,29132.73784,20,9,0.5,22,8,1,1.006633364,9.717121663,137.9606875,0,0,1.64,LwRedeployComponent,,
mRUBiS #1,Google Authentication Service,CF3,0,392846.9773,22,31,0.9,22,30,1,1.211251277,11.91320797,105.9324131,0,0,2.5,HwRedeployComponent,,
mRUBiS #1,Availability Item Filter,CF3,0,15902.57753,23,8,0.5,22,7,1,1.110298158,5.972367311,77.34298858,58,4586,1.81,HwRedeployComponent,,
mRUBiS #1,Query Service,CF5,0,209418.827,27,75,0.5,22,74,1,1.101619202,6.164631462,85.67035109,0,4586,0.5,AddReplica,,
mRUBiS #1,Query Service,CF1,0,209418.827,27,75,0.5,22,74,1,1.101619202,6.164631462,85.67035109,55,4586,1.53,LwRedeployComponent,,
mRUBiS #1,Query Service,CF2,0,209418.827,27,75,0.5,22,74,1,1.101619202,6.164631462,85.67035109,55,4586,1.64,LwRedeployComponent,,
mRUBiS #1,Persistence Service,CF3,-1.46E-11,119096.4422,21,38,0.5,22,38,0,1.329730953,16.94782753,97.04633435,0,0,2.71,HwRedeployComponent,,
mRUBiS #1,Google Authentication Service,CF2,0,392846.9773,22,31,0.9,22,30,1,1.211251277,11.91320797,105.9324131,0,0,2.5,HwRedeployComponent,,
mRUBiS #1,Availability Item Filter,CF2,0,15902.57753,23,8,0.5,22,7,1,1.110298158,5.972367311,77.34298858,0,0,0.35,RestartComponent,,
mRUBiS #1,Buy Now Item Filter,CF5,0,16594.16612,13,7,0.5,22,6,1,1.009460361,12.80042434,79.38079925,0,4586,0.5,AddReplica,,
mRUBiS #1,Query Service,CF5,0,214285.0975,27,76,0.5,22,75,1,1.101619202,6.164631462,85.67035109,55,4586,0.5,AddReplica,,
mRUBiS #1,Availability Item Filter,CF2,0,15902.57753,23,8,0.5,22,7,1,1.110298158,5.972367311,77.34298858,0,0,1.81,HwRedeployComponent,,
mRUBiS #1,Buy Now Item Filter,CF3,0,16594.16612,13,7,0.5,22,6,1,1.009460361,12.80042434,79.38079925,57,4586,1.78,HwRedeployComponent,,
mRUBiS #1,Recommendation Item Filter,CF2,0,16443.59437,30,6,0.5,22,5,1,1.197651763,5.804851083,144.2496651,0,0,0.35,RestartComponent,,
mRUBiS #1,Buy Now Item Filter,CF3,0,16594.16612,13,7,0.5,22,6,1,1.009460361,12.80042434,79.38079925,0,0,1.78,HwRedeployComponent,,
mRUBiS #1,Google Authentication Service,CF2,0,392846.9773,22,31,0.9,22,30,1,1.211251277,11.91320797,105.9324131,0,0,0.35,RestartComponent,,
mRUBiS #1,User Management Service,CF5,0,18789.76288,30,4,0.5,22,0,4,1.460128436,12.90307103,167.7922013,0,4586,0.5,AddReplica,,
mRUBiS #1,Item Management Service,CF3,0,18480.55531,25,4,0.5,22,0,4,1.07715525,13.44823772,126.9011752,0,0,1.69,HwRedeployComponent,,
mRUBiS #1,Query Service,CF5,0,222030.0346,27,78,0.5,22,77,1,1.101619202,6.164631462,85.67035109,56,4586,0.5,AddReplica,,
mRUBiS #1,Last Second Sales Item Filter,CF3,0,8159.300469,12,8,0.5,22,7,1,1.16044159,5.88617676,77.14137944,0,0,1.81,HwRedeployComponent,,
mRUBiS #1,Item Management Service,CF2,0,18480.55531,25,4,0.5,22,0,4,1.07715525,13.44823772,126.9011752,0,0,1.64,LwRedeployComponent,,
mRUBiS #1,Google Authentication Service,CF1,0,405942.2803,22,32,0.9,22,31,1,1.211251277,11.91320797,105.9324131,0,0,0.35,RestartComponent,,
mRUBiS #1,Seller Reputation Item Filter,CF3,0,36491.49496,30,7,0.5,22,6,1,1.488639397,11.29502493,99.09821681,0,0,1.78,HwRedeployComponent,,
mRUBiS #1,User Management Service,CF3,0,18789.76288,30,4,0.5,22,0,4,1.460128436,12.90307103,167.7922013,38,4586,1.69,HwRedeployComponent,,
mRUBiS #1,Reputation Service,CF5,0,13650.8809,23,4,0.5,22,0,4,1.296816708,12.90191946,123.4888734,0,4586,0.5,AddReplica,,
mRUBiS #1,Bid and Buy Service,CF3,0,10725.93164,27,5,0.5,22,0,5,1.35613418,8.060657087,73.9594634,60,4586,1.72,HwRedeployComponent,,
mRUBiS #1,Item Management Service,CF3,0,18480.55531,25,4,0.5,22,0,4,1.07715525,13.44823772,126.9011752,0,0,1.69,HwRedeployComponent,,
mRUBiS #1,Availability Item Filter,CF5,0,20449.34339,23,10,0.5,22,9,1,1.110298158,5.972367311,77.34298858,0,4586,0.5,AddReplica,,
mRUBiS #1,Last Second Sales Item Filter,CF2,0,8159.300469,12,8,0.5,22,7,1,1.16044159,5.88617676,77.14137944,0,0,1.81,HwRedeployComponent,,
mRUBiS #1,Past Sales Item Filter,CF3,0,36096.0329,16,9,0.5,22,8,1,1.267239584,16.46641841,88.50170648,54,4586,1.84,HwRedeployComponent,,
mRUBiS #1,Inventory Service,CF3,0,39084.22695,11,10,0.5,22,8,2,1.203441787,13.46289992,85.65241198,0,0,1.87,HwRedeployComponent,,
mRUBiS #1,Region Item Filter,CF5,0,14839.23965,24,7,0.5,22,6,1,1.175641639,5.323259165,154.1970896,40,4586,0.5,AddReplica,,
mRUBiS #1,Recommendation Item Filter,CF3,0,16443.59437,30,6,0.5,22,5,1,1.197651763,5.804851083,144.2496651,0,0,1.75,HwRedeployComponent,,
mRUBiS #1,Bid and Buy Service,CF1,0,10725.93164,27,5,0.5,22,0,5,1.35613418,8.060657087,73.9594634,0,0,0.35,RestartComponent,,
mRUBiS #1,Reputation Service,CF5,1.82E-12,13779.40063,23,4,0.5,22,0,4,1.296816708,12.90191946,123.4888734,45,4586,0.5,AddReplica,,
mRUBiS #1,Past Sales Item Filter,CF1,0,36096.0329,16,9,0.5,22,8,1,1.267239584,16.46641841,88.50170648,0,0,1.84,HwRedeployComponent,,
mRUBiS #1,User Management Service,CF3,0,18789.76288,30,4,0.5,22,0,4,1.460128436,12.90307103,167.7922013,0,0,1.69,HwRedeployComponent,,
mRUBiS #1,Category Item Filter,CF5,0,29132.73784,20,9,0.5,22,8,1,1.006633364,9.717121663,137.9606875,0,4586,0.5,AddReplica,,
mRUBiS #1,Last Second Sales Item Filter,CF1,0,8159.300469,12,8,0.5,22,7,1,1.16044159,5.88617676,77.14137944,0,0,1.53,LwRedeployComponent,,
mRUBiS #1,User Management Service,CF5,0,18789.76288,30,4,0.5,22,0,4,1.460128436,12.90307103,167.7922013,0,4586,0.5,AddReplica,,
mRUBiS #1,User Management Service,CF2,0,18789.76288,30,4,0.5,22,0,4,1.460128436,12.90307103,167.7922013,38,4586,1.64,LwRedeployComponent,,
mRUBiS #1,Past Sales Item Filter,CF1,0,36096.0329,16,9,0.5,22,8,1,1.267239584,16.46641841,88.50170648,0,0,1.84,HwRedeployComponent,,
mRUBiS #1,Category Item Filter,CF3,0,29132.73784,20,9,0.5,22,8,1,1.006633364,9.717121663,137.9606875,42,4586,1.84,HwRedeployComponent,,
,,,,,,,,,,,,,,,,,,,
,,,,,,,,,,,,,,,,,,,
,,,,,,,,,,,,,,,,,,,
,,,,,,,,,,,,,,,,,,,
,,,,,,,,,,,,,,,,,,,
,,,,,,,,,,,,,,,,,,,
, ,,,,,,,,,,,,,,,,,,
